FormID,EditorID,Red,Green,Blue,HeightIndex,BlockPatternID,BlockPatternEditorID,BiomeCategory
000FD012,ArchipelagoLife01,134,141,92,8,00120C75,PatternHillsArchipelagoPoolsDeep01,archipelago
000FD00F,ArchipelagoLife02,145,133,106,10,0023DEB3,PatternMountainsErodedFieldsFlat05,archipelago
000FD010,ArchipelagoLife03,80,120,133,9,0023DEDD,PatternHillsRockyFieldsPools05,archipelago
000FD015,ArchipelagoLife04,141,134,117,9,000F1F06,PatternHillsArchipelagoMountainsSharp04,archipelago
000F1F0D,ArchipelagoLife05,210,213,218,9,000B262E,PatternFieldsPoolsFieldsMixed01,archipelago
000F1F17,ArchipelagoLife06,137,118,66,8,0021480B,PatternHillsErodedFieldsPlateaus02,archipelago
000F1F16,ArchipelagoLife07,140,146,68,9,000F1F07,PatternHillsArchipelagoMountainsSharp03,archipelago
000F1F15,ArchipelagoLife08,82,121,134,10,000F1F05,PatternHillsArchipelagoMountainsSharp05,archipelago
000F1F14,ArchipelagoLife09,142,135,108,9,000B262E,PatternFieldsPoolsFieldsMixed01,archipelago
000F1F13,ArchipelagoLife10,226,228,235,9,000F1F07,PatternHillsArchipelagoMountainsSharp03,archipelago
002E54C9,ArchipelagoLife11,141,151,94,8,0021480B,PatternHillsErodedFieldsPlateaus02,archipelago
000FD011,ArchipelagoNoLife01,128,123,103,9,00120C71,PatternHillsArchipelagoPoolsDeep05,archipelago
000FD013,ArchipelagoNoLife02,102,106,161,10,000F1F07,PatternHillsArchipelagoMountainsSharp03,archipelago
000FD014,ArchipelagoNoLife03,165,98,85,10,0023DEB3,PatternMountainsErodedFieldsFlat05,archipelago
000F1F0B,ArchipelagoNoLife04,84,121,132,10,00120C71,PatternHillsArchipelagoPoolsDeep05,archipelago
000F1F0E,ArchipelagoNoLife05,234,239,247,9,000F1F08,PatternHillsArchipelagoMountainsSharp02,archipelago
000F1F12,ArchipelagoNoLife06,132,124,81,10,000F1F05,PatternHillsArchipelagoMountainsSharp05,archipelago
000F1F11,ArchipelagoNoLife07,135,127,95,8,000F1F08,PatternHillsArchipelagoMountainsSharp02,archipelago
000F1F10,ArchipelagoNoLife08,146,124,156,9,000F1F06,PatternHillsArchipelagoMountainsSharp04,archipelago
000F1F0C,ArchipelagoNoLife09,84,121,132,8,0021480B,PatternHillsErodedFieldsPlateaus02,archipelago
000F1F0F,ArchipelagoNoLife10,234,239,247,10,000F1F07,PatternHillsArchipelagoMountainsSharp03,archipelago
0025D993,CanyonsLife01,159,131,81,107,0023DDF5,PatternCanyonsSharpLargeFieldsWarped02,canyon
00214968,CanyonsLife02,159,139,121,138,0023DDF3,PatternCanyonsSharpLargeFieldsWarped04,canyon
0014805D,CanyonsLife03,154,113,89,116,003FFD59,PatternCanyonsSharpMesasSharp02,canyon
00148064,CanyonsLife04,91,110,102,150,0023DE9D,PatternFieldsPoolsFieldsCrevasses02,canyon
00148063,CanyonsLife05,176,143,95,95,003FFD59,PatternCanyonsSharpMesasSharp02,canyon
0014544F,CanyonsLife06,159,139,121,123,000307EB,PatternCanyonsErodedLargeFieldsPlateaus01,canyon
0014544E,CanyonsLife07,117,120,99,59,0023DE9D,PatternFieldsPoolsFieldsCrevasses02,canyon
00145442,CanyonsLife08,112,110,100,88,0023DDF4,PatternCanyonsSharpLargeFieldsWarped03,canyon
0012D955,CanyonsLife09,182,135,81,115,003FFD59,PatternCanyonsSharpMesasSharp02,canyon
00110FCC,CanyonsLife10,120,118,95,138,0023DDF5,PatternCanyonsSharpLargeFieldsWarped02,canyon
00285AF9,CanyonsLifeExtreme,153,152,148,102,003FFD56,PatternCanyonsSharpMesasSharp04,canyon
0025D992,CanyonsNoLife01,88,105,112,142,0023DDF2,PatternCanyonsSharpLargeFieldsWarped05,canyon
00216D45,CanyonsNoLife02,157,156,158,69,0023DDF3,PatternCanyonsSharpLargeFieldsWarped04,canyon
00211529,CanyonsNoLife03,153,152,148,54,0023DDF5,PatternCanyonsSharpLargeFieldsWarped02,canyon
00148062,CanyonsNoLife04,118,121,121,113,0023DE9D,PatternFieldsPoolsFieldsCrevasses02,canyon
00148061,CanyonsNoLife05,168,166,158,137,0023DDF3,PatternCanyonsSharpLargeFieldsWarped04,canyon
00145440,CanyonsNoLife06,141,105,84,118,0023DDF5,PatternCanyonsSharpLargeFieldsWarped02,canyon
0011BCD2,CanyonsNoLife07,156,118,101,146,0023DDF3,PatternCanyonsSharpLargeFieldsWarped04,canyon
00110D5C,CanyonsNoLife08,157,156,158,69,000307EB,PatternCanyonsErodedLargeFieldsPlateaus01,canyon
000E869D,CanyonsNoLife09,153,152,148,96,0023DDF3,PatternCanyonsSharpLargeFieldsWarped04,canyon
0011BCD3,CanyonsNoLife10,120,118,95,146,003FFD56,PatternCanyonsSharpMesasSharp04,canyon
00215CC3,CrateredLife01,179,161,123,113,000C7AB5,PatternCratersSharpFieldsDunes05,crater
00215CC1,CrateredLife02,133,142,108,116,000387E2,PatternFieldsWarpedCratersSharp01,crater
00187464,CrateredLife03,146,133,107,96,000C7AAF,PatternCratersSharpHillsMesasSharp02,crater
00187463,CrateredLife04,145,133,106,125,0023DE75,PatternCratersSharpFieldsRocky02,crater
001862BE,CrateredLife05,143,123,105,69,0023DE75,PatternCratersSharpFieldsRocky02,crater
001862BD,CrateredLife06,159,137,134,77,000C7AB0,PatternCratersSharpHillsMesasSharp01,crater
003EA2FC,CrateredLife07,145,133,106,152,000C5710,PatternCratersSharpHillsRough04,crater
003EA2FD,CrateredLife08,179,161,123,52,0023DE75,PatternCratersSharpFieldsRocky02,crater
003EA2FA,CrateredLife09,133,142,108,147,000C7AB5,PatternCratersSharpFieldsDunes05,crater
003EA2FB,CrateredLife10,145,133,106,97,000C7AB3,PatternCratersSharpHillsMesasSharp03,crater
0021040D,CrateredLifeExtreme,151,96,75,101,0023DE72,PatternCratersSharpFieldsRocky05,crater
0025F490,CrateredNoLife01,135,138,144,112,0023DE74,PatternCratersSharpFieldsRocky03,crater
00216D44,CrateredNoLife02,194,170,157,151,000C7AB2,PatternCratersSharpHillsMesasSharp04,crater
000A86DC,CrateredNoLife03,164,151,141,57,0023DE75,PatternCratersSharpFieldsRocky02,crater
00215CC2,CrateredNoLife04,140,142,144,77,000387E2,PatternFieldsWarpedCratersSharp01,crater
001862C0,CrateredNoLife05,134,137,143,53,000C570F,PatternCratersSharpHillsRough03,crater
001862BF,CrateredNoLife06,98,101,114,83,0023DE75,PatternCratersSharpFieldsRocky02,crater
000C571B,CrateredNoLife07,135,138,144,101,000C7AB6,PatternCratersSharpFieldsDunes04,crater
000C571A,CrateredNoLife08,167,99,85,65,000C5710,PatternCratersSharpHillsRough04,crater
000C5719,CrateredNoLife09,168,155,146,65,0023DE76,PatternCratersSharpFieldsRocky01,crater
000C5718,CrateredNoLife10,140,142,144,128,000C7AB3,PatternCratersSharpHillsMesasSharp03,crater
000C5717,CrateredNoLife11,134,137,143,97,0023DE74,PatternCratersSharpFieldsRocky03,crater
000C5716,CrateredNoLife12,98,101,114,118,000C570E,PatternCratersSharpHillsRough01,crater
000C5714,CrateredNoLife13,151,96,75,111,0023DE76,PatternCratersSharpFieldsRocky01,crater
002ACD5A,DesertRockyLife01,123,148,116,14,0023F74B,PatternFieldsDunesFieldsCrevasses01,desert
002CE508,DesertRockyLife02,98,138,147,15,0023DE83,PatternFieldsDunesFieldsWarped03,desert
002C998E,DesertRockyLife03,120,157,143,13,003FFD4F,PatternMesasRockyMediumFieldsDunes02,desert
001A540E,DesertRockyLife04,141,161,137,15,0023DE8B,PatternFieldsDunesFieldsCrevasses02,desert
001A540F,DesertRockyLife05,130,150,102,13,0023DE88,PatternFieldsDunesFieldsCrevasses05,desert
00024FC4,DesertRockyLife06,142,166,137,14,003FFD52,PatternMesasRockyMediumFieldsDunes05,desert
000E37DB,DesertRockyLife07,137,161,139,14,003FFD4F,PatternMesasRockyMediumFieldsDunes02,desert
000E37DA,DesertRockyLife08,145,147,127,14,002DCDD9,PatternFieldDunesRockyMesasEroded01,desert
000E37D9,DesertRockyLife09,78,115,110,13,002DCDD9,PatternFieldDunesRockyMesasEroded01,desert
000E37D8,DesertRockyLife10,155,180,173,13,0023DE84,PatternFieldsDunesFieldsWarped02,desert
000E37D7,DesertRockyLife11,148,176,149,15,002DCDD7,PatternFieldDunesRockyMesasEroded03,desert
00285AFB,DesertRockyLifeExtreme,126,156,139,15,002DCDDA,PatternFieldDunesRockyMesasEroded05,desert
000A86DD,DesertRockyNoLife01,99,138,134,13,0023DE85,PatternFieldsDunesFieldsWarped01,desert
001D1D92,DesertRockyNoLife02,113,130,115,15,0023DE89,PatternFieldsDunesFieldsCrevasses04,desert
001A540B,DesertRockyNoLife03,151,123,111,14,003FFD4F,PatternMesasRockyMediumFieldsDunes02,desert
001A5410,DesertRockyNoLife04,151,183,184,14,003FFD50,PatternMesasRockyMediumFieldsDunes03,desert
001A540D,DesertRockyNoLife05,126,156,139,13,0023DE82,PatternFieldsDunesFieldsWarped04,desert
0011445C,DesertRockyNoLife06,97,114,113,14,003FFD4E,PatternMesasRockyMediumFieldsDunes01,desert
000E66B1,DesertRockyNoLife07,105,137,136,13,0023DE82,PatternFieldsDunesFieldsWarped04,desert
000E66B0,DesertRockyNoLife08,64,99,114,15,002DCDD7,PatternFieldDunesRockyMesasEroded03,desert
000E66AF,DesertRockyNoLife09,151,183,184,14,0023F74B,PatternFieldsDunesFieldsCrevasses01,desert
000E66AE,DesertRockyNoLife10,134,152,137,14,002DCDDB,PatternFieldDunesRockyMesasEroded02,desert
002ACD5B,DesertSandyLife01,200,191,189,14,003FFD4E,PatternMesasRockyMediumFieldsDunes01,desert
002CE506,DesertSandyLife02,118,132,138,13,0023DE88,PatternFieldsDunesFieldsCrevasses05,desert
001A2F16,DesertSandyLife03,210,196,184,15,0023DE83,PatternFieldsDunesFieldsWarped03,desert
0019E82A,DesertSandyLife04,167,169,197,13,0023DE85,PatternFieldsDunesFieldsWarped01,desert
0019E809,DesertSandyLife05,173,176,159,14,0023DE85,PatternFieldsDunesFieldsWarped01,desert
0014C1DD,DesertSandyLife06,200,191,189,15,002DCDD8,PatternFieldDunesRockyMesasEroded04,desert
0014C1D5,DesertSandyLife07,132,145,148,15,003FFD52,PatternMesasRockyMediumFieldsDunes05,desert
0014C1D4,DesertSandyLife08,206,193,181,13,0023DE8B,PatternFieldsDunesFieldsCrevasses02,desert
0014C1C3,DesertSandyLife09,167,169,197,13,0023DE84,PatternFieldsDunesFieldsWarped02,desert
0014C01B,DesertSandyLife10,199,200,172,13,002DCDD7,PatternFieldDunesRockyMesasEroded03,desert
00095092,DesertSandyLife11,183,189,172,13,003FFD50,PatternMesasRockyMediumFieldsDunes03,desert
002DCDD4,DesertSandyLife12,184,184,155,13,003FFD52,PatternMesasRockyMediumFieldsDunes05,desert
00285AFD,DesertSandyLifeExtreme,211,155,105,13,0023DE8B,PatternFieldsDunesFieldsCrevasses02,desert
002CE507,DesertSandyNoLife01,178,179,174,15,002DCDD8,PatternFieldDunesRockyMesasEroded04,desert
002C998D,DesertSandyNoLife02,100,113,122,14,0023DE89,PatternFieldsDunesFieldsCrevasses04,desert
001A2F12,DesertSandyNoLife03,159,141,124,13,002DCDDA,PatternFieldDunesRockyMesasEroded05,desert
001A23C7,DesertSandyNoLife04,167,170,198,15,0023DE85,PatternFieldsDunesFieldsWarped01,desert
0019E808,DesertSandyNoLife05,94,124,148,14,0023DE82,PatternFieldsDunesFieldsWarped04,desert
0014C01A,DesertSandyNoLife06,195,197,182,13,002DCDDB,PatternFieldDunesRockyMesasEroded02,desert
0014C019,DesertSandyNoLife07,101,115,123,14,0023DE85,PatternFieldsDunesFieldsWarped01,desert
0014C018,DesertSandyNoLife08,134,147,99,13,0023DE8B,PatternFieldsDunesFieldsCrevasses02,desert
0014C017,DesertSandyNoLife09,152,146,197,13,003FFD52,PatternMesasRockyMediumFieldsDunes05,desert
0014C016,DesertSandyNoLife10,211,155,105,14,0023F74B,PatternFieldsDunesFieldsCrevasses01,desert
00336CC7,DesertSandyNoLife11,211,155,105,14,0023DE84,PatternFieldsDunesFieldsWarped02,desert
0029434E,ForestConiferousLife01,121,131,100,121,001C50EA,PatternMountainsSharpFieldsDeltas03,coniferous
00294333,ForestConiferousLife02,146,138,96,111,0023DEE0,PatternVolcanoesErodedFieldsMounds04,coniferous
00294334,ForestConiferousLife03,120,128,96,102,0023DE7D,PatternHillsRockyFieldsRocky01,coniferous
00294332,ForestConiferousLife04,143,138,96,114,0023DEC3,PatternMountainsTerracedFieldsFlat03,coniferous
0017B85D,ForestConiferousLife05,146,137,95,126,0023DEE1,PatternVolcanoesErodedFieldsMounds03,coniferous
0017B85C,ForestConiferousLife06,147,136,94,117,0023DEC5,PatternMountainsTerracedFieldsFlat01,coniferous
0017B85B,ForestConiferousLife07,145,139,96,116,0023DE7B,PatternHillsRockyFieldsRocky03,coniferous
0017B85A,ForestConiferousLife08,134,141,109,102,0023DEC2,PatternMountainsTerracedFieldsFlat04,coniferous
0017B859,ForestConiferousLife09,120,127,96,117,0023DEC3,PatternMountainsTerracedFieldsFlat03,coniferous
0017B858,ForestConiferousLife10,121,129,98,101,001C50EB,PatternMountainsSharpFieldsDeltas02,coniferous
0012B464,ForestConiferousLife11,147,137,94,106,0023DEE0,PatternVolcanoesErodedFieldsMounds04,coniferous
0012B463,ForestConiferousLife12,152,120,75,127,0023DEC3,PatternMountainsTerracedFieldsFlat03,coniferous
00203E9F,ForestConiferousLife13,122,130,97,124,0023DEC5,PatternMountainsTerracedFieldsFlat01,coniferous
00116484,ForestConiferousLife14,119,126,95,118,0023DEE1,PatternVolcanoesErodedFieldsMounds03,coniferous
00116483,ForestConiferousLife15,120,128,97,116,0023DEDF,PatternVolcanoesErodedFieldsMounds05,coniferous
00116482,ForestConiferousLife16,121,130,99,116,001C50EB,PatternMountainsSharpFieldsDeltas02,coniferous
0011647E,ForestConiferousLife17,122,129,98,105,00256135,PatternVolcanoesErodedFieldsMounds01,coniferous
0011647D,ForestConiferousLife18,146,138,95,111,0023DEE2,PatternVolcanoesErodedFieldsMounds02,coniferous
0011647C,ForestConiferousLife19,144,136,93,115,001C50E8,PatternMountainsSharpFieldsDeltas05,coniferous
0011647B,ForestConiferousLife20,147,137,94,122,0023DE79,PatternHillsRockyFieldsRocky05,coniferous
0011647A,ForestConiferousLife21,145,138,95,126,0023DE7D,PatternHillsRockyFieldsRocky01,coniferous
00116479,ForestConiferousLife22,146,137,96,105,001D1D90,PatternMountainsSharpFieldsDeltas01,coniferous
00116478,ForestConiferousLife23,145,137,95,123,0023DEC1,PatternMountainsTerracedFieldsFlat05,coniferous
00116477,ForestConiferousLife24,146,136,95,110,0023DE7D,PatternHillsRockyFieldsRocky01,coniferous
00116476,ForestConiferousLife25,146,139,97,110,0023DEC3,PatternMountainsTerracedFieldsFlat03,coniferous
001160F5,ForestConiferousLife26,147,137,96,118,001D1D90,PatternMountainsSharpFieldsDeltas01,coniferous
001160F4,ForestConiferousLife27,144,138,94,122,001C50EB,PatternMountainsSharpFieldsDeltas02,coniferous
001160F3,ForestConiferousLife28,145,139,96,118,001C50E9,PatternMountainsSharpFieldsDeltas04,coniferous
001160F2,ForestConiferousLife29,146,137,95,106,001C50EB,PatternMountainsSharpFieldsDeltas02,coniferous
001160F1,ForestConiferousLife30,147,137,95,110,001C50EB,PatternMountainsSharpFieldsDeltas02,coniferous
001160F0,ForestConiferousLife31,146,136,94,124,001D1D90,PatternMountainsSharpFieldsDeltas01,coniferous
001160EF,ForestConiferousLife32,146,138,96,120,0023DE7A,PatternHillsRockyFieldsRocky04,coniferous
001160EE,ForestConiferousLife33,146,137,95,112,001C50E9,PatternMountainsSharpFieldsDeltas04,coniferous
001160ED,ForestConiferousLife34,121,130,99,100,001C50EB,PatternMountainsSharpFieldsDeltas02,coniferous
001160EC,ForestConiferousLife35,145,138,96,104,0023DEC5,PatternMountainsTerracedFieldsFlat01,coniferous
002CE505,ForestDeciduousLife01,126,130,100,72,002E57F8,PatternFieldsPoolsFieldsDeltas04,deciduous
0028ACD0,ForestDeciduousLife02,132,145,87,77,002E57F4,PatternFieldsPoolsFieldsDeltas01,deciduous
0028ACD1,ForestDeciduousLife03,118,143,59,70,0023DED3,PatternFieldsFlatMountainsSharp02,deciduous
00263FE8,ForestDeciduousLife04,100,121,47,77,000B6B93,PatternFieldsFlatMountainsRidged02,deciduous
0011F988,ForestDeciduousLife05,103,125,50,81,000B6B93,PatternFieldsFlatMountainsRidged02,deciduous
0011F987,ForestDeciduousLife06,101,122,48,82,000EE90A,PatternFieldsFlatFieldsSlotCanyonsEroded04,deciduous
0011F986,ForestDeciduousLife07,104,126,51,78,000B6B93,PatternFieldsFlatMountainsRidged02,deciduous
0011F985,ForestDeciduousLife08,102,123,49,74,002E57F6,PatternFieldsPoolsFieldsDeltas02,deciduous
0011F984,ForestDeciduousLife09,139,148,123,73,000B6B93,PatternFieldsFlatMountainsRidged02,deciduous
0011F983,ForestDeciduousLife10,126,130,100,78,000B6B94,PatternFieldsFlatMountainsRidged03,deciduous
0011F982,ForestDeciduousLife11,100,128,100,72,000B6B94,PatternFieldsFlatMountainsRidged03,deciduous
0011F981,ForestDeciduousLife12,123,116,63,72,000B6B90,PatternFieldsFlatMountainsRidged01,deciduous
0011F980,ForestDeciduousLife13,93,106,90,79,002E57F5,PatternFieldsPoolsFieldsDeltas03,deciduous
0011F97F,ForestDeciduousLife14,133,117,84,80,002E57F4,PatternFieldsPoolsFieldsDeltas01,deciduous
0011F97E,ForestDeciduousLife15,125,121,101,74,002E57F4,PatternFieldsPoolsFieldsDeltas01,deciduous
0011F92B,ForestDeciduousLife16,117,123,101,78,000B6B93,PatternFieldsFlatMountainsRidged02,deciduous
0011F92A,ForestDeciduousLife17,99,120,46,79,000B6B92,PatternFieldsFlatMountainsRidged04,deciduous
0011F929,ForestDeciduousLife18,122,114,76,74,000B6B93,PatternFieldsFlatMountainsRidged02,deciduous
0011F928,ForestDeciduousLife19,105,127,52,71,000B6B90,PatternFieldsFlatMountainsRidged01,deciduous
0011F927,ForestDeciduousLife20,130,129,83,79,000B6B94,PatternFieldsFlatMountainsRidged03,deciduous
0011F926,ForestDeciduousLife21,117,105,93,72,0023DED4,PatternFieldsFlatMountainsSharp01,deciduous
0011F925,ForestDeciduousLife22,113,103,91,76,000B6B90,PatternFieldsFlatMountainsRidged01,deciduous
0011F924,ForestDeciduousLife23,115,106,93,76,0023DEC9,PatternFieldsHillsFieldsFlat05,deciduous
0011F923,ForestDeciduousLife24,161,145,73,71,000EE90A,PatternFieldsFlatFieldsSlotCanyonsEroded04,deciduous
0011F922,ForestDeciduousLife25,120,107,93,78,000EEA9C,PatternFieldsMixed02,deciduous
0007EF0F,ForestDeciduousLife26,123,116,63,74,000B6B91,PatternFieldsFlatMountainsRidged05,deciduous
0025FC04,ForestTropicalLife01,123,140,67,26,0003793B,PatternHillsRoundedFieldsFlat01,tropical
0025F387,ForestTropicalLife02,61,129,80,26,0023DEB0,PatternHillsSmoothFieldsHills01,tropical
0025F375,ForestTropicalLife03,140,148,109,23,000EEA9D,PatternFieldsMixed01,tropical
00211C5F,ForestTropicalLife04,113,120,66,24,0023DEB0,PatternHillsSmoothFieldsHills01,tropical
0020E381,ForestTropicalLife05,118,127,70,24,000B2632,PatternFieldsPoolsFieldsMixed04,tropical
0020D0F3,ForestTropicalLife06,123,125,62,24,0012268B,PatternFieldsHillsDunesPoolsFractured01,tropical
00190B9A,ForestTropicalLife07,112,127,69,24,0026FE37,PatternHillsRockyFieldsPools01,tropical
00190B99,ForestTropicalLife08,102,121,66,25,000EEA9D,PatternFieldsMixed01,tropical
00190B98,ForestTropicalLife09,168,152,60,24,0012268B,PatternFieldsHillsDunesPoolsFractured01,tropical
00190B97,ForestTropicalLife10,153,141,64,25,0012268B,PatternFieldsHillsDunesPoolsFractured01,tropical
00190137,ForestTropicalLife11,121,139,70,28,0026FE37,PatternHillsRockyFieldsPools01,tropical
00190136,ForestTropicalLife12,119,148,110,27,000B2632,PatternFieldsPoolsFieldsMixed04,tropical
00190135,ForestTropicalLife13,99,124,61,23,0003793B,PatternHillsRoundedFieldsFlat01,tropical
00190134,ForestTropicalLife14,128,130,65,24,0012268B,PatternFieldsHillsDunesPoolsFractured01,tropical
00190133,ForestTropicalLife15,129,133,75,28,000B262D,PatternFieldsPoolsFieldsMixed03,tropical
00190132,ForestTropicalLife16,135,137,77,24,0012268B,PatternFieldsHillsDunesPoolsFractured01,tropical
00190131,ForestTropicalLife17,111,120,60,27,0026FE37,PatternHillsRockyFieldsPools01,tropical
0018FE1A,ForestTropicalLife18,139,134,90,23,0023DEB0,PatternHillsSmoothFieldsHills01,tropical
0018F249,ForestTropicalLife19,124,132,78,28,000EEA9D,PatternFieldsMixed01,tropical
0018E65A,ForestTropicalLife20,142,142,76,27,000B2632,PatternFieldsPoolsFieldsMixed04,tropical
0018E3C8,ForestTropicalLife21,132,142,82,25,0026FE36,PatternHillsRockyFieldsPools02,tropical
001217BE,ForestTropicalLife22,104,131,62,24,00122687,PatternFieldsHillsDunesPoolsFractured05,tropical
001217BD,ForestTropicalLife23,74,120,68,23,00122687,PatternFieldsHillsDunesPoolsFractured05,tropical
001217BC,ForestTropicalLife24,105,132,63,24,000B262D,PatternFieldsPoolsFieldsMixed03,tropical
001217BB,ForestTropicalLife25,116,140,59,25,000B262D,PatternFieldsPoolsFieldsMixed03,tropical
00134B6A,FrozenLife01,180,185,192,240,0023DEBE,PatternMountainsAngledFieldsFractured01,frozen
00124044,FrozenLife02,181,186,193,245,0023DE8E,PatternMountainsSharpHillsRough03,frozen
000FD6F7,FrozenLife03,182,187,194,242,000EE90D,PatternFieldsFlatFieldsSlotCanyonsEroded01,frozen
000FD6F6,FrozenLife04,183,188,195,255,00122692,PatternHillsRoughCratersSharpSparse05,frozen
000FD6F5,FrozenLife05,182,187,194,253,000EE90D,PatternFieldsFlatFieldsSlotCanyonsEroded01,frozen
000FD00E,FrozenLife06,183,188,195,240,00212E19,PatternHillsSharpFieldsRocky01,frozen
000FD00D,FrozenLife07,184,189,196,249,0023DE8E,PatternMountainsSharpHillsRough03,frozen
000FD00C,FrozenLife08,182,187,194,251,00122692,PatternHillsRoughCratersSharpSparse05,frozen
000FD00B,FrozenLife09,183,188,195,243,0023DED6,PatternMountainsSharpFieldsFlat05,frozen
000FD00A,FrozenLife10,185,190,197,245,000EE90D,PatternFieldsFlatFieldsSlotCanyonsEroded01,frozen
000A86D9,FrozenLife11,186,191,198,250,00122691,PatternHillsRoughCratersSharpSparse04,frozen
0008DFF9,FrozenLife12,185,190,197,249,000EE90C,PatternFieldsFlatFieldsSlotCanyonsEroded02,frozen
00285AFA,FrozenLifeExtreme,186,191,198,254,0023F74E,PatternMountainsSharpFieldsPlateaus03,frozen
000FC620,FrozenNoLife01,187,192,199,250,0023DEBE,PatternMountainsAngledFieldsFractured01,frozen
000FC61F,FrozenNoLife02,186,191,198,245,000EE90D,PatternFieldsFlatFieldsSlotCanyonsEroded01,frozen
000FC61E,FrozenNoLife03,185,190,197,243,00212E19,PatternHillsSharpFieldsRocky01,frozen
000A86DB,FrozenNoLife04,187,192,199,253,0021FD0D,PatternMountainsRidgedFieldsFlat02,frozen
000FC61A,FrozenNoLife05,186,191,198,250,00212E18,PatternHillsSharpFieldsRocky02,frozen
000FC619,FrozenNoLife06,187,192,199,246,0023DED6,PatternMountainsSharpFieldsFlat05,frozen
000FC618,FrozenNoLife07,186,191,198,250,0023DE8E,PatternMountainsSharpHillsRough03,frozen
000FC617,FrozenNoLife08,185,190,197,254,0026F7F2,PatternMountainsSharpFieldsHills01,frozen
000FC61C,FrozenNoLife09,187,192,199,240,0023DE8E,PatternMountainsSharpHillsRough03,frozen
000FC61B,FrozenNoLife10,186,191,198,249,00122692,PatternHillsRoughCratersSharpSparse05,frozen
000C5715,FrozenNoLife11,187,192,199,250,00212E19,PatternHillsSharpFieldsRocky01,frozen
0025F48C,HillsLife01,142,155,88,32,00122690,PatternHillsRoughCratersSharpSparse03,hills
00215098,HillsLife02,107,150,73,34,000EEA99,PatternFieldsMixed05,hills
00215097,HillsLife03,145,158,95,33,00212E15,PatternHillsSharpFieldsRocky05,hills
00214F1A,HillsLife04,100,138,79,34,0000DB39,PatternDunesRockyHillsRounded01,hills
00214969,HillsLife05,132,163,100,32,0023DEAD,PatternHillsSmoothFieldsHills03,hills
00212132,HillsLife06,79,115,54,31,000EEA9B,PatternFieldsMixed03,hills
00212131,HillsLife07,112,151,133,33,0023DECA,PatternFieldsHillsFieldsFlat04,hills
00214810,HillsLife08,183,118,75,32,0023DECA,PatternFieldsHillsFieldsFlat04,hills
0010EC58,HillsLife09,132,163,100,31,00122690,PatternHillsRoughCratersSharpSparse03,hills
0010EC57,HillsLife10,142,155,88,34,0023DECD,PatternFieldsHillsFieldsFlat01,hills
0010EC56,HillsLife11,142,155,88,37,000EEA9A,PatternFieldsMixed04,hills
0010EC55,HillsLife12,96,110,56,38,0012268F,PatternHillsRoughCratersSharpSparse02,hills
0008AE77,HillsLife13,98,143,121,32,00037938,PatternHillsRoundedFieldsFlat03,hills
000414BB,HillsLife14,131,162,99,38,0023DECC,PatternFieldsHillsFieldsFlat02,hills
0034980C,HillsLife15,123,147,120,38,0000DB39,PatternDunesRockyHillsRounded01,hills
001886D0,HillsLife16,123,147,120,37,000EEA9B,PatternFieldsMixed03,hills
001886D2,HillsLife17,131,162,99,31,00122690,PatternHillsRoughCratersSharpSparse03,hills
001886D3,HillsLife18,96,110,56,32,0023DE93,PatternHillsRoughFieldsFlat05,hills
003D673C,HillsLife19,96,110,56,32,0023DE94,PatternHillsRoughFieldsFlat04,hills
003D673D,HillsLife20,131,162,99,37,0023DE97,PatternHillsRoughFieldsFlat01,hills
003D673E,HillsLife21,182,119,75,33,0023DEA4,PatternHillsRoundedFieldsMounds03,hills
003D673F,HillsLife22,131,162,99,32,0012268E,PatternHillsRoughCratersSharpSparse01,hills
003D6740,HillsLife23,100,138,79,34,00214808,PatternHillsErodedFieldsPlateaus05,hills
003D6741,HillsLife24,131,162,99,35,0003793D,PatternHillsRoundedFieldsFlat05,hills
003D6742,HillsLife25,185,115,73,31,0012268E,PatternHillsRoughCratersSharpSparse01,hills
00285AFC,HillsLifeExtreme,150,129,121,34,0023DECD,PatternFieldsHillsFieldsFlat01,hills
0025F48B,HillsNoLife01,80,77,79,35,0023DED8,PatternMountainsSharpFieldsFlat03,hills
00212941,HillsNoLife02,140,130,124,33,00122690,PatternHillsRoughCratersSharpSparse03,hills
001160EB,HillsNoLife03,90,90,94,34,0023DE97,PatternHillsRoughFieldsFlat01,hills
001160D5,HillsNoLife04,157,156,158,33,000EEA99,PatternFieldsMixed05,hills
001160EA,HillsNoLife05,157,157,157,35,0023DEAD,PatternHillsSmoothFieldsHills03,hills
001160DB,HillsNoLife06,118,121,121,32,000EEA9B,PatternFieldsMixed03,hills
001160DA,HillsNoLife07,133,103,80,34,0023DEA4,PatternHillsRoundedFieldsMounds03,hills
001160D9,HillsNoLife08,133,105,80,37,000EEA99,PatternFieldsMixed05,hills
001160D8,HillsNoLife09,140,130,124,31,0003793D,PatternHillsRoundedFieldsFlat05,hills
001160E3,HillsNoLife10,142,103,89,37,00212E15,PatternHillsSharpFieldsRocky05,hills
001160E2,HillsNoLife11,145,94,85,34,0023DEA4,PatternHillsRoundedFieldsMounds03,hills
001160E1,HillsNoLife12,145,93,86,33,000EEA99,PatternFieldsMixed05,hills
001160E0,HillsNoLife13,118,121,121,31,00212E15,PatternHillsSharpFieldsRocky05,hills
001160DF,HillsNoLife14,90,90,94,37,0023DE94,PatternHillsRoughFieldsFlat04,hills
001160DE,HillsNoLife15,90,90,94,32,0000DB35,PatternDunesRockyHillsRounded02,hills
001160E6,HillsNoLife16,84,121,132,34,000EE909,PatternFieldsFlatFieldsSlotCanyonsEroded05,hills
001160E5,HillsNoLife17,84,121,132,36,00214808,PatternHillsErodedFieldsPlateaus05,hills
001160E4,HillsNoLife18,84,121,132,34,0023DECD,PatternFieldsHillsFieldsFlat01,hills
001160E9,HillsNoLife19,135,153,138,31,0000DB38,PatternDunesRockyHillsRounded04,hills
001160E8,HillsNoLife20,135,153,138,35,0023DEA9,PatternMountainsSharpFieldsPlateaus05,hills
001160E7,HillsNoLife21,135,153,138,35,0023DE93,PatternHillsRoughFieldsFlat05,hills
001160DD,HillsNoLife22,129,127,71,37,0023DED8,PatternMountainsSharpFieldsFlat03,hills
001160DC,HillsNoLife23,134,147,99,31,00037939,PatternHillsRoundedFieldsFlat04,hills
001160D7,HillsNoLife24,150,129,121,33,0000DB39,PatternDunesRockyHillsRounded01,hills
001160D6,HillsNoLife25,150,129,121,36,00122690,PatternHillsRoughCratersSharpSparse03,hills
0026BB6A,MountainsLife01,183,181,177,92,0023DEDA,PatternMountainsSharpFieldsFlat01,mountains
0026B3F2,MountainsLife02,162,143,136,101,0023DEB6,PatternMountainsErodedFieldsFlat02,mountains
002636BA,MountainsLife03,172,171,165,54,0023DE8F,PatternMountainsSharpHillsRough02,mountains
002636B9,MountainsLife04,183,177,172,114,0023DED9,PatternMountainsSharpFieldsFlat02,mountains
000A86DA,MountainsLife05,132,128,132,64,0023F750,PatternMountainsSharpFieldsPlateaus01,mountains
000D9BB1,MountainsLife06,183,181,177,142,0023DEDA,PatternMountainsSharpFieldsFlat01,mountains
000D9BB0,MountainsLife07,154,139,120,54,0023DEA7,PatternMountainsSharpFieldsHills03,mountains
000D9BAF,MountainsLife08,173,170,167,111,0023DEA7,PatternMountainsSharpFieldsHills03,mountains
000D9BAE,MountainsLife09,182,176,171,102,0023F750,PatternMountainsSharpFieldsPlateaus01,mountains
000D9BAD,MountainsLife10,132,128,132,52,0023DED7,PatternMountainsSharpFieldsFlat04,mountains
000D1B7C,MountainsLife11,150,140,134,99,0023DEBB,PatternMountainsAngledFieldsFractured04,mountains
000D1B7B,MountainsLife12,160,141,132,136,0023DEBB,PatternMountainsAngledFieldsFractured04,mountains
001DFE05,MountainsLife13,160,141,132,110,0023DEA5,PatternMountainsSharpFieldsHills05,mountains
001DFE06,MountainsLife14,183,181,177,73,0023DEAA,PatternMountainsSharpFieldsPlateaus04,mountains
001DFE07,MountainsLife15,182,176,171,109,0023DEBA,PatternMountainsAngledFieldsFractured05,mountains
0021040E,MountainsLifeExtreme,121,93,91,135,0023DEDA,PatternMountainsSharpFieldsFlat01,mountains
0026893D,MountainsNoLife01,146,139,135,147,0023DEDA,PatternMountainsSharpFieldsFlat01,mountains
0026893C,MountainsNoLife02,139,118,115,101,0023DEBB,PatternMountainsAngledFieldsFractured04,mountains
002636BC,MountainsNoLife03,150,143,136,63,0023DEBA,PatternMountainsAngledFieldsFractured05,mountains
002636BB,MountainsNoLife04,129,109,105,116,0023DED7,PatternMountainsSharpFieldsFlat04,mountains
000D3A1E,MountainsNoLife05,146,139,135,68,0023DE8D,PatternMountainsSharpHillsRough04,mountains
000D3A1D,MountainsNoLife06,110,112,117,53,0023DEA5,PatternMountainsSharpFieldsHills05,mountains
000D1B82,MountainsNoLife07,111,107,98,89,0023DEA6,PatternMountainsSharpFieldsHills04,mountains
000D1B81,MountainsNoLife08,91,90,82,105,0023DEB5,PatternMountainsErodedFieldsFlat03,mountains
000D1B7E,MountainsNoLife09,146,139,134,72,0023DED9,PatternMountainsSharpFieldsFlat02,mountains
000D1B7D,MountainsNoLife10,130,108,104,62,0021FD0A,PatternMountainsRidgedFieldsFlat05,mountains
000D1B80,MountainsNoLife11,97,101,93,83,0023DEB6,PatternMountainsErodedFieldsFlat02,mountains
000D1B7F,MountainsNoLife12,146,139,135,93,0023DEA7,PatternMountainsSharpFieldsHills03,mountains
001DFDFB,MountainsNoLife13,111,107,98,149,0023DEA7,PatternMountainsSharpFieldsHills03,mountains
001DFDD1,MountainsNoLife14,146,139,134,80,0023DED7,PatternMountainsSharpFieldsFlat04,mountains
001DFE04,MountainsNoLife15,121,93,91,142,0023DE8D,PatternMountainsSharpHillsRough04,mountains
0007F88B,OceanLife01,70,96,112,1,0023DEAB,PatternHillsSmoothFieldsHills05,ocean
0007F887,OceanLife02,65,98,118,2,0023DEAB,PatternHillsSmoothFieldsHills05,ocean
0007F888,OceanLife03,74,102,134,3,0023DEAB,PatternHillsSmoothFieldsHills05,ocean
0007F88A,OceanLife04,82,104,126,1,0023DEAB,PatternHillsSmoothFieldsHills05,ocean
0007F889,OceanLife05,78,108,139,2,0023DEAB,PatternHillsSmoothFieldsHills05,ocean
0007D724,OceanLife06,74,101,128,4,0023DEAB,PatternHillsSmoothFieldsHills05,ocean
0007D723,OceanLife07,74,102,134,2,0023DEAB,PatternHillsSmoothFieldsHills05,ocean
0007D722,OceanLife08,65,98,118,1,0023DEAB,PatternHillsSmoothFieldsHills05,ocean
0007D721,OceanLife09,70,96,112,4,0023DEAB,PatternHillsSmoothFieldsHills05,ocean
0007D725,OceanNoLife01,62,84,109,3,0023DEAB,PatternHillsSmoothFieldsHills05,ocean
00094239,OceanNoLifeMethaneFrozen,186,120,46,4,0023DEAB,PatternHillsSmoothFieldsHills05,ocean
0009423A,OceanNoLifeMethaneLiquid,202,124,57,2,0023DEAB,PatternHillsSmoothFieldsHills05,ocean
000A108C,OceanNoLifeNitrogen,202,223,239,3,0023DEAB,PatternHillsSmoothFieldsHills05,ocean
0009423B,OceanNoLifeSulfur,208,172,50,3,0023DEAB,PatternHillsSmoothFieldsHills05,ocean
002C998C,SavannaLife01,176,165,123,15,002DCDDB,PatternFieldDunesRockyMesasEroded02,desert
0029B450,SavannaLife02,160,159,117,14,002DCDD9,PatternFieldDunesRockyMesasEroded01,desert
002B6352,SavannaLife03,144,103,82,15,003FFD4E,PatternMesasRockyMediumFieldsDunes01,desert
002C17A5,SavannaLife04,132,161,103,15,002DCDD8,PatternFieldDunesRockyMesasEroded04,desert
0018A8A0,SavannaLife05,115,130,86,14,0023F74B,PatternFieldsDunesFieldsCrevasses01,desert
0018A89F,SavannaLife06,169,166,129,15,002DCDD8,PatternFieldDunesRockyMesasEroded04,desert
0018A899,SavannaLife07,125,138,124,15,0023F74B,PatternFieldsDunesFieldsCrevasses01,desert
0018A89E,SavannaLife08,126,148,135,15,002DCDDB,PatternFieldDunesRockyMesasEroded02,desert
0018A89D,SavannaLife09,142,105,88,14,0023DE88,PatternFieldsDunesFieldsCrevasses05,desert
0018A89C,SavannaLife10,106,120,85,14,0023DE83,PatternFieldsDunesFieldsWarped03,desert
0018A89A,SavannaLife11,143,154,139,13,003FFD4E,PatternMesasRockyMediumFieldsDunes01,desert
0018A89B,SavannaLife12,139,121,93,15,0023DE89,PatternFieldsDunesFieldsCrevasses04,desert
000B2630,SavannaLife13,144,130,105,14,002DCDD8,PatternFieldDunesRockyMesasEroded04,desert
000B2635,SavannaLife14,144,107,86,15,003FFD50,PatternMesasRockyMediumFieldsDunes03,desert
000AF3CB,SavannaLife15,144,130,104,13,002DCDD8,PatternFieldDunesRockyMesasEroded04,desert
000AF3CA,SavannaLife16,118,115,91,13,003FFD50,PatternMesasRockyMediumFieldsDunes03,desert
003E3ADE,SavannaLife17,144,107,86,15,0023DE80,PatternFieldsDunesFieldsWarped05,desert
003E3ADF,SavannaLife18,144,130,105,14,0023DE80,PatternFieldsDunesFieldsWarped05,desert
003E3AE0,SavannaLife19,176,165,123,14,0023DE89,PatternFieldsDunesFieldsCrevasses04,desert
003E3AE1,SavannaLife20,115,130,86,15,0023DE8B,PatternFieldsDunesFieldsCrevasses02,desert
002C9986,VolcanicRoughLife01,108,106,114,225,000387E5,PatternFieldsWarpedCratersSharp02,volcanic
000AA382,VolcanicRoughLife02,107,106,115,230,0026F7EF,PatternFieldsWarpedFieldsCrevasses01,volcanic
002C9984,VolcanicRoughLife03,114,108,112,234,0023DE96,PatternHillsRoughFieldsFlat02,volcanic
00095091,VolcanicRoughLife04,115,113,120,224,0021FD0C,PatternMountainsRidgedFieldsFlat03,volcanic
0008DFFA,VolcanicRoughLife05,106,104,114,237,0026F7EF,PatternFieldsWarpedFieldsCrevasses01,volcanic
0008DFFB,VolcanicRoughLife06,114,108,112,234,0023DE9A,PatternFieldsPoolsFieldsCrevasses05,volcanic
0008DFFC,VolcanicRoughLife07,113,110,120,232,0026F7EF,PatternFieldsWarpedFieldsCrevasses01,volcanic
0008DFFD,VolcanicRoughLife08,106,104,114,224,0023DEBC,PatternMountainsAngledFieldsFractured03,volcanic
0008AE7B,VolcanicRoughLife09,104,104,117,234,0021FD0C,PatternMountainsRidgedFieldsFlat03,volcanic
0008AE7A,VolcanicRoughLife10,106,105,113,222,00212E17,PatternHillsSharpFieldsRocky03,volcanic
0021040C,VolcanicRoughLifeExtreme,104,104,117,231,0023DEBC,PatternMountainsAngledFieldsFractured03,volcanic
002C998A,VolcanicRoughNoLife01,103,104,116,225,00038968,PatternFieldsWarpedCratersSharp05,volcanic
00095097,VolcanicRoughNoLife02,104,105,118,232,0023DE96,PatternHillsRoughFieldsFlat02,volcanic
00095096,VolcanicRoughNoLife03,104,103,116,227,0021FD0B,PatternMountainsRidgedFieldsFlat04,volcanic
00095095,VolcanicRoughNoLife04,104,104,116,226,0023DE96,PatternHillsRoughFieldsFlat02,volcanic
00095094,VolcanicRoughNoLife05,103,103,117,224,0026F7EF,PatternFieldsWarpedFieldsCrevasses01,volcanic
00095093,VolcanicRoughNoLife06,105,105,118,230,0023DEBD,PatternMountainsAngledFieldsFractured02,volcanic
0008A8A7,VolcanicRoughNoLife07,104,104,117,225,00212E17,PatternHillsSharpFieldsRocky03,volcanic
0008A8A6,VolcanicRoughNoLife08,103,104,118,231,0023DE95,PatternHillsRoughFieldsFlat03,volcanic
0008A8A5,VolcanicRoughNoLife09,104,103,117,228,0023F74F,PatternMountainsSharpFieldsPlateaus02,volcanic
0008A8A4,VolcanicRoughNoLife10,105,104,116,235,0023F74F,PatternMountainsSharpFieldsPlateaus02,volcanic
00263FE6,VolcanicWornLife01,128,124,130,237,0023DE96,PatternHillsRoughFieldsFlat02,volcanic
00263FE5,VolcanicWornLife02,91,92,109,236,0023DE8C,PatternMountainsSharpHillsRough05,volcanic
00263FE4,VolcanicWornLife03,94,92,110,225,000B262F,PatternFieldsPoolsFieldsMixed02,volcanic
00080000,VolcanicWornLife04,92,89,107,229,00212E16,PatternHillsSharpFieldsRocky04,volcanic
0007FFFF,VolcanicWornLife05,91,92,109,236,0023DEBC,PatternMountainsAngledFieldsFractured03,volcanic
0007E2C6,VolcanicWornLife06,95,92,110,224,0023DE9A,PatternFieldsPoolsFieldsCrevasses05,volcanic
001DFDFD,VolcanicWornLife07,93,90,108,229,000B262F,PatternFieldsPoolsFieldsMixed02,volcanic
001DFDFC,VolcanicWornLife08,93,88,106,237,0023DEBD,PatternMountainsAngledFieldsFractured02,volcanic
001DFDFE,VolcanicWornLife09,94,90,109,224,0023DEB4,PatternMountainsErodedFieldsFlat04,volcanic
001DFDFF,VolcanicWornLife10,91,87,105,234,000387E5,PatternFieldsWarpedCratersSharp02,volcanic
00285AF8,VolcanicWornLifeExtreme,96,96,114,222,0023F74F,PatternMountainsSharpFieldsPlateaus02,volcanic
00263FE7,VolcanicWornNoLife01,94,93,110,234,00212E16,PatternHillsSharpFieldsRocky04,volcanic
00080233,VolcanicWornNoLife02,96,97,114,228,00212E17,PatternHillsSharpFieldsRocky03,volcanic
00080232,VolcanicWornNoLife03,95,95,112,227,00038968,PatternFieldsWarpedCratersSharp05,volcanic
00080231,VolcanicWornNoLife04,94,97,115,219,0023DE95,PatternHillsRoughFieldsFlat03,volcanic
0007FFFE,VolcanicWornNoLife05,92,95,112,220,0023DE96,PatternHillsRoughFieldsFlat02,volcanic
0007E2C5,VolcanicWornNoLife06,93,96,114,222,0023DE9A,PatternFieldsPoolsFieldsCrevasses05,volcanic
0002E850,VolcanicWornNoLife07,96,95,112,236,0023DEBC,PatternMountainsAngledFieldsFractured03,volcanic
001DFE01,VolcanicWornNoLife08,95,96,113,220,0026F7EF,PatternFieldsWarpedFieldsCrevasses01,volcanic
001DFE02,VolcanicWornNoLife09,93,94,112,227,00212E17,PatternHillsSharpFieldsRocky03,volcanic
001DFE03,VolcanicWornNoLife10,94,95,113,233,0023DE95,PatternHillsRoughFieldsFlat03,volcanic
001297F2,WetlandsLife01,114,128,78,6,00120C73,PatternHillsArchipelagoPoolsDeep03,wetlands
001297F1,WetlandsLife02,128,144,85,6,0026FE35,PatternHillsRockyFieldsPools03,wetlands
0011B746,WetlandsLife03,117,131,79,7,0023DEDE,PatternHillsRockyFieldsPools04,wetlands
0011B745,WetlandsLife04,121,135,81,8,00122686,PatternFieldsHillsDunesPoolsFractured02,wetlands
0011B743,WetlandsLife05,125,136,82,7,00120C74,PatternHillsArchipelagoPoolsDeep02,wetlands
0011B744,WetlandsLife06,116,129,79,6,0023DEDE,PatternHillsRockyFieldsPools04,wetlands
001177C6,WetlandsLife07,124,139,82,7,0023DEDE,PatternHillsRockyFieldsPools04,wetlands
001177C4,WetlandsLife08,123,136,80,5,00120C73,PatternHillsArchipelagoPoolsDeep03,wetlands
001177C5,WetlandsLife09,121,135,81,5,0023DEDE,PatternHillsRockyFieldsPools04,wetlands
001177C7,WetlandsLife10,126,138,84,7,0023DE9E,PatternFieldsPoolsFieldsCrevasses01,wetlands
003E5E43,WetlandsLife11,127,144,85,6,0023DE9E,PatternFieldsPoolsFieldsCrevasses01,wetlands
003FA120,WetlandsLife12,121,135,81,8,00122686,PatternFieldsHillsDunesPoolsFractured02,wetlands
003FA121,WetlandsLife13,114,128,78,5,00120C74,PatternHillsArchipelagoPoolsDeep02,wetlands
002E57E0,WetlandsNoLife01,112,95,72,7,0026FE35,PatternHillsRockyFieldsPools03,wetlands
002E57E1,WetlandsNoLife02,125,119,99,8,00122686,PatternFieldsHillsDunesPoolsFractured02,wetlands
002E57E2,WetlandsNoLife03,124,111,90,6,0023DE9E,PatternFieldsPoolsFieldsCrevasses01,wetlands
002E57E3,WetlandsNoLife04,119,110,88,5,0023DE9E,PatternFieldsPoolsFieldsCrevasses01,wetlands
002E57E4,WetlandsNoLife05,110,103,74,6,0023DE9E,PatternFieldsPoolsFieldsCrevasses01,wetlands
002E57E5,WetlandsNoLife06,110,101,78,7,00122686,PatternFieldsHillsDunesPoolsFractured02,wetlands
